{
  "HTTP Request Dashboard" : {
    "transaction" : "HTTP Request Dashboard",
    "sampleCount" : 100,
    "errorCount" : 0,
    "errorPct" : 0.0,
    "meanResTime" : 50.559999999999995,
    "medianResTime" : 53.0,
    "minResTime" : 8.0,
    "maxResTime" : 111.0,
    "pct1ResTime" : 62.900000000000006,
    "pct2ResTime" : 65.0,
    "pct3ResTime" : 110.86999999999993,
    "throughput" : 19.964064683569575,
    "receivedKBytesPerSec" : 311.1586644040726,
    "sentKBytesPerSec" : 2.3980273008584545
  },
  "Total" : {
    "transaction" : "Total",
    "sampleCount" : 100,
    "errorCount" : 0,
    "errorPct" : 0.0,
    "meanResTime" : 50.559999999999995,
    "medianResTime" : 53.0,
    "minResTime" : 8.0,
    "maxResTime" : 111.0,
    "pct1ResTime" : 62.900000000000006,
    "pct2ResTime" : 65.0,
    "pct3ResTime" : 110.86999999999993,
    "throughput" : 19.964064683569575,
    "receivedKBytesPerSec" : 311.1586644040726,
    "sentKBytesPerSec" : 2.3980273008584545
  }
}