{
  "Total" : {
    "transaction" : "Total",
    "sampleCount" : 50,
    "errorCount" : 0,
    "errorPct" : 0.0,
    "meanResTime" : 44.46,
    "medianResTime" : 46.0,
    "minResTime" : 16.0,
    "maxResTime" : 73.0,
    "pct1ResTime" : 64.8,
    "pct2ResTime" : 67.89999999999999,
    "pct3ResTime" : 73.0,
    "throughput" : 47.48338081671415,
    "receivedKBytesPerSec" : 579.399261039886,
    "sentKBytesPerSec" : 6.352757003798671
  },
  "HTTP Request" : {
    "transaction" : "HTTP Request",
    "sampleCount" : 50,
    "errorCount" : 0,
    "errorPct" : 0.0,
    "meanResTime" : 44.46,
    "medianResTime" : 46.0,
    "minResTime" : 16.0,
    "maxResTime" : 73.0,
    "pct1ResTime" : 64.8,
    "pct2ResTime" : 67.89999999999999,
    "pct3ResTime" : 73.0,
    "throughput" : 47.48338081671415,
    "receivedKBytesPerSec" : 579.399261039886,
    "sentKBytesPerSec" : 6.352757003798671
  }
}