{
  "JDBC Request category_list" : {
    "transaction" : "JDBC Request category_list",
    "sampleCount" : 50,
    "errorCount" : 0,
    "errorPct" : 0.0,
    "meanResTime" : 4.840000000000002,
    "medianResTime" : 4.0,
    "minResTime" : 4.0,
    "maxResTime" : 13.0,
    "pct1ResTime" : 5.899999999999999,
    "pct2ResTime" : 10.799999999999983,
    "pct3ResTime" : 13.0,
    "throughput" : 50.91649694501019,
    "receivedKBytesPerSec" : 65.18703856924644,
    "sentKBytesPerSec" : 0.0
  },
  "Total" : {
    "transaction" : "Total",
    "sampleCount" : 50,
    "errorCount" : 0,
    "errorPct" : 0.0,
    "meanResTime" : 4.840000000000002,
    "medianResTime" : 4.0,
    "minResTime" : 4.0,
    "maxResTime" : 13.0,
    "pct1ResTime" : 5.899999999999999,
    "pct2ResTime" : 10.799999999999983,
    "pct3ResTime" : 13.0,
    "throughput" : 50.91649694501019,
    "receivedKBytesPerSec" : 65.18703856924644,
    "sentKBytesPerSec" : 0.0
  }
}