{
  "HTTP Request Dashboard" : {
    "transaction" : "HTTP Request Dashboard",
    "sampleCount" : 10000,
    "errorCount" : 7815,
    "errorPct" : 78.15,
    "meanResTime" : 6709.243599999974,
    "medianResTime" : 5962.5,
    "minResTime" : 4.0,
    "maxResTime" : 23873.0,
    "pct1ResTime" : 14542.8,
    "pct2ResTime" : 17450.899999999998,
    "pct3ResTime" : 19960.989999999998,
    "throughput" : 365.4302941713868,
    "receivedKBytesPerSec" : 1722.6521817330533,
    "sentKBytesPerSec" : 9.590939327151471
  },
  "Total" : {
    "transaction" : "Total",
    "sampleCount" : 10000,
    "errorCount" : 7815,
    "errorPct" : 78.15,
    "meanResTime" : 6709.243599999974,
    "medianResTime" : 5962.5,
    "minResTime" : 4.0,
    "maxResTime" : 23873.0,
    "pct1ResTime" : 14542.8,
    "pct2ResTime" : 17450.899999999998,
    "pct3ResTime" : 19960.989999999998,
    "throughput" : 365.4302941713868,
    "receivedKBytesPerSec" : 1722.6521817330533,
    "sentKBytesPerSec" : 9.590939327151471
  }
}