{
  "JDBC Request category_list" : {
    "transaction" : "JDBC Request category_list",
    "sampleCount" : 1000,
    "errorCount" : 848,
    "errorPct" : 84.8,
    "meanResTime" : 12.850000000000014,
    "medianResTime" : 1.0,
    "minResTime" : 0.0,
    "maxResTime" : 131.0,
    "pct1ResTime" : 73.89999999999998,
    "pct2ResTime" : 92.0,
    "pct3ResTime" : 105.98000000000002,
    "throughput" : 819.000819000819,
    "receivedKBytesPerSec" : 250.41909807534805,
    "sentKBytesPerSec" : 0.0
  },
  "Total" : {
    "transaction" : "Total",
    "sampleCount" : 1000,
    "errorCount" : 848,
    "errorPct" : 84.8,
    "meanResTime" : 12.850000000000014,
    "medianResTime" : 1.0,
    "minResTime" : 0.0,
    "maxResTime" : 131.0,
    "pct1ResTime" : 73.89999999999998,
    "pct2ResTime" : 92.0,
    "pct3ResTime" : 105.98000000000002,
    "throughput" : 819.000819000819,
    "receivedKBytesPerSec" : 250.41909807534805,
    "sentKBytesPerSec" : 0.0
  }
}