{
  "Total" : {
    "transaction" : "Total",
    "sampleCount" : 50,
    "errorCount" : 0,
    "errorPct" : 0.0,
    "meanResTime" : 45.12,
    "medianResTime" : 47.5,
    "minResTime" : 22.0,
    "maxResTime" : 69.0,
    "pct1ResTime" : 63.699999999999996,
    "pct2ResTime" : 65.0,
    "pct3ResTime" : 69.0,
    "throughput" : 50.76142131979695,
    "receivedKBytesPerSec" : 896.3059168781726,
    "sentKBytesPerSec" : 6.692179568527919
  },
  "HTTP Request" : {
    "transaction" : "HTTP Request",
    "sampleCount" : 50,
    "errorCount" : 0,
    "errorPct" : 0.0,
    "meanResTime" : 45.12,
    "medianResTime" : 47.5,
    "minResTime" : 22.0,
    "maxResTime" : 69.0,
    "pct1ResTime" : 63.699999999999996,
    "pct2ResTime" : 65.0,
    "pct3ResTime" : 69.0,
    "throughput" : 50.76142131979695,
    "receivedKBytesPerSec" : 896.3059168781726,
    "sentKBytesPerSec" : 6.692179568527919
  }
}