{
  "Total" : {
    "transaction" : "Total",
    "sampleCount" : 50,
    "errorCount" : 0,
    "errorPct" : 0.0,
    "meanResTime" : 110.7,
    "medianResTime" : 48.0,
    "minResTime" : 11.0,
    "maxResTime" : 419.0,
    "pct1ResTime" : 353.6,
    "pct2ResTime" : 387.09999999999985,
    "pct3ResTime" : 419.0,
    "throughput" : 39.33910306845004,
    "receivedKBytesPerSec" : 480.02157503933915,
    "sentKBytesPerSec" : 5.186307533438238
  },
  "HTTP Request" : {
    "transaction" : "HTTP Request",
    "sampleCount" : 50,
    "errorCount" : 0,
    "errorPct" : 0.0,
    "meanResTime" : 110.7,
    "medianResTime" : 48.0,
    "minResTime" : 11.0,
    "maxResTime" : 419.0,
    "pct1ResTime" : 353.6,
    "pct2ResTime" : 387.09999999999985,
    "pct3ResTime" : 419.0,
    "throughput" : 39.33910306845004,
    "receivedKBytesPerSec" : 480.02157503933915,
    "sentKBytesPerSec" : 5.186307533438238
  }
}