{
  "Total" : {
    "transaction" : "Total",
    "sampleCount" : 1000,
    "errorCount" : 0,
    "errorPct" : 0.0,
    "meanResTime" : 1499.0800000000002,
    "medianResTime" : 1514.0,
    "minResTime" : 992.0,
    "maxResTime" : 3264.0,
    "pct1ResTime" : 1914.9,
    "pct2ResTime" : 2080.7999999999997,
    "pct3ResTime" : 2137.0,
    "throughput" : 299.6703626011388,
    "receivedKBytesPerSec" : 3409.9868074805213,
    "sentKBytesPerSec" : 39.50732319448606
  },
  "HTTP Request" : {
    "transaction" : "HTTP Request",
    "sampleCount" : 1000,
    "errorCount" : 0,
    "errorPct" : 0.0,
    "meanResTime" : 1499.0800000000002,
    "medianResTime" : 1514.0,
    "minResTime" : 992.0,
    "maxResTime" : 3264.0,
    "pct1ResTime" : 1914.9,
    "pct2ResTime" : 2080.7999999999997,
    "pct3ResTime" : 2137.0,
    "throughput" : 299.6703626011388,
    "receivedKBytesPerSec" : 3409.9868074805213,
    "sentKBytesPerSec" : 39.50732319448606
  }
}