{
  "Total" : {
    "transaction" : "Total",
    "sampleCount" : 1000,
    "errorCount" : 0,
    "errorPct" : 0.0,
    "meanResTime" : 476.994,
    "medianResTime" : 482.5,
    "minResTime" : 15.0,
    "maxResTime" : 997.0,
    "pct1ResTime" : 868.8,
    "pct2ResTime" : 885.0,
    "pct3ResTime" : 930.98,
    "throughput" : 437.4453193350831,
    "receivedKBytesPerSec" : 5337.772719816273,
    "sentKBytesPerSec" : 57.671013779527556
  },
  "HTTP Request" : {
    "transaction" : "HTTP Request",
    "sampleCount" : 1000,
    "errorCount" : 0,
    "errorPct" : 0.0,
    "meanResTime" : 476.994,
    "medianResTime" : 482.5,
    "minResTime" : 15.0,
    "maxResTime" : 997.0,
    "pct1ResTime" : 868.8,
    "pct2ResTime" : 885.0,
    "pct3ResTime" : 930.98,
    "throughput" : 437.4453193350831,
    "receivedKBytesPerSec" : 5337.772719816273,
    "sentKBytesPerSec" : 57.671013779527556
  }
}