{
  "Total" : {
    "transaction" : "Total",
    "sampleCount" : 5000,
    "errorCount" : 2541,
    "errorPct" : 50.82,
    "meanResTime" : 4012.6839999999997,
    "medianResTime" : 4201.0,
    "minResTime" : 1359.0,
    "maxResTime" : 9802.0,
    "pct1ResTime" : 5726.800000000001,
    "pct2ResTime" : 5919.0,
    "pct3ResTime" : 6264.0,
    "throughput" : 492.9994084007099,
    "receivedKBytesPerSec" : 3605.4697128894695,
    "sentKBytesPerSec" : 31.964560275340173
  },
  "HTTP Request" : {
    "transaction" : "HTTP Request",
    "sampleCount" : 5000,
    "errorCount" : 2541,
    "errorPct" : 50.82,
    "meanResTime" : 4012.6839999999997,
    "medianResTime" : 4201.0,
    "minResTime" : 1359.0,
    "maxResTime" : 9802.0,
    "pct1ResTime" : 5726.800000000001,
    "pct2ResTime" : 5919.0,
    "pct3ResTime" : 6264.0,
    "throughput" : 492.9994084007099,
    "receivedKBytesPerSec" : 3605.4697128894695,
    "sentKBytesPerSec" : 31.964560275340173
  }
}