{
  "JDBC Request 1" : {
    "transaction" : "JDBC Request 1",
    "sampleCount" : 5000,
    "errorCount" : 4848,
    "errorPct" : 96.96,
    "meanResTime" : 2309.9655999999995,
    "medianResTime" : 2588.0,
    "minResTime" : 2.0,
    "maxResTime" : 4223.0,
    "pct1ResTime" : 4085.0,
    "pct2ResTime" : 4099.0,
    "pct3ResTime" : 4127.0,
    "throughput" : 768.1671531725303,
    "receivedKBytesPerSec" : 130.896883161776,
    "sentKBytesPerSec" : 0.0
  },
  "Total" : {
    "transaction" : "Total",
    "sampleCount" : 5000,
    "errorCount" : 4848,
    "errorPct" : 96.96,
    "meanResTime" : 2309.9655999999995,
    "medianResTime" : 2588.0,
    "minResTime" : 2.0,
    "maxResTime" : 4223.0,
    "pct1ResTime" : 4085.0,
    "pct2ResTime" : 4099.0,
    "pct3ResTime" : 4127.0,
    "throughput" : 768.1671531725303,
    "receivedKBytesPerSec" : 130.896883161776,
    "sentKBytesPerSec" : 0.0
  }
}