{
  "Total" : {
    "transaction" : "Total",
    "sampleCount" : 1000,
    "errorCount" : 0,
    "errorPct" : 0.0,
    "meanResTime" : 1452.4129999999973,
    "medianResTime" : 1678.5,
    "minResTime" : 20.0,
    "maxResTime" : 3512.0,
    "pct1ResTime" : 1895.0,
    "pct2ResTime" : 1936.0,
    "pct3ResTime" : 2005.99,
    "throughput" : 255.88536335721597,
    "receivedKBytesPerSec" : 4518.225834825998,
    "sentKBytesPerSec" : 33.73488677072672
  },
  "HTTP Request" : {
    "transaction" : "HTTP Request",
    "sampleCount" : 1000,
    "errorCount" : 0,
    "errorPct" : 0.0,
    "meanResTime" : 1452.4129999999973,
    "medianResTime" : 1678.5,
    "minResTime" : 20.0,
    "maxResTime" : 3512.0,
    "pct1ResTime" : 1895.0,
    "pct2ResTime" : 1936.0,
    "pct3ResTime" : 2005.99,
    "throughput" : 255.88536335721597,
    "receivedKBytesPerSec" : 4518.225834825998,
    "sentKBytesPerSec" : 33.73488677072672
  }
}