{
  "JDBC Request 1" : {
    "transaction" : "JDBC Request 1",
    "sampleCount" : 1000,
    "errorCount" : 848,
    "errorPct" : 84.8,
    "meanResTime" : 389.4479999999996,
    "medianResTime" : 194.0,
    "minResTime" : 1.0,
    "maxResTime" : 1698.0,
    "pct1ResTime" : 1026.0,
    "pct2ResTime" : 1082.6999999999996,
    "pct3ResTime" : 1551.99,
    "throughput" : 550.0550055005501,
    "receivedKBytesPerSec" : 166.6817072332233,
    "sentKBytesPerSec" : 0.0
  },
  "Total" : {
    "transaction" : "Total",
    "sampleCount" : 1000,
    "errorCount" : 848,
    "errorPct" : 84.8,
    "meanResTime" : 389.4479999999996,
    "medianResTime" : 194.0,
    "minResTime" : 1.0,
    "maxResTime" : 1698.0,
    "pct1ResTime" : 1026.0,
    "pct2ResTime" : 1082.6999999999996,
    "pct3ResTime" : 1551.99,
    "throughput" : 550.0550055005501,
    "receivedKBytesPerSec" : 166.6817072332233,
    "sentKBytesPerSec" : 0.0
  }
}