{
  "Total" : {
    "transaction" : "Total",
    "sampleCount" : 1000,
    "errorCount" : 848,
    "errorPct" : 84.8,
    "meanResTime" : 2.026999999999999,
    "medianResTime" : 1.0,
    "minResTime" : 0.0,
    "maxResTime" : 35.0,
    "pct1ResTime" : 5.0,
    "pct2ResTime" : 9.0,
    "pct3ResTime" : 18.980000000000018,
    "throughput" : 945.179584120983,
    "receivedKBytesPerSec" : 154.95037807183365,
    "sentKBytesPerSec" : 0.0
  },
  "JDBC Request system_info" : {
    "transaction" : "JDBC Request system_info",
    "sampleCount" : 1000,
    "errorCount" : 848,
    "errorPct" : 84.8,
    "meanResTime" : 2.026999999999999,
    "medianResTime" : 1.0,
    "minResTime" : 0.0,
    "maxResTime" : 35.0,
    "pct1ResTime" : 5.0,
    "pct2ResTime" : 9.0,
    "pct3ResTime" : 18.980000000000018,
    "throughput" : 945.179584120983,
    "receivedKBytesPerSec" : 154.95037807183365,
    "sentKBytesPerSec" : 0.0
  }
}